"campuskey","sitekey","latitude","longitude","month","total_generation_kwh"
1,27,"-37.71828652","145.0509752","2020-01-01 00:00:00","52882.59366999997"
2,1,"-36.11120917","146.8486788","2020-01-01 00:00:00","16820.199000000313"
4,41,"-34.20528877","142.166556","2020-01-01 00:00:00","14548.34360000008"
3,12,"-36.77885832","144.3012321","2020-01-01 00:00:00","14277.656299999973"
2,2,"-36.11120917","146.8486788","2020-01-01 00:00:00","14034.622000000032"
3,7,"-36.77885832","144.3012321","2020-01-01 00:00:00","11286.718799999973"
2,3,"-36.11120917","146.8486788","2020-01-01 00:00:00","10632.071000000054"
3,10,"-36.77885832","144.3012321","2020-01-01 00:00:00","6705.253999999724"
5,42,"-36.38031889","145.4062897","2020-01-01 00:00:00","4658.265400000018"
3,13,"-36.77885832","144.3012321","2020-01-01 00:00:00","2331.5938000000024"
3,9,"-36.77885832","144.3012321","2020-01-01 00:00:00","1644.6659999999756"
1,27,"-37.71828652","145.0509752","2020-02-01 00:00:00","54404.46899999997"
2,1,"-36.11120917","146.8486788","2020-02-01 00:00:00","15546.525000000198"
2,2,"-36.11120917","146.8486788","2020-02-01 00:00:00","12949.122999999992"
3,12,"-36.77885832","144.3012321","2020-02-01 00:00:00","12289.812100000214"
4,41,"-34.20528877","142.166556","2020-02-01 00:00:00","11624.25"
2,3,"-36.11120917","146.8486788","2020-02-01 00:00:00","9880.361999999877"
3,7,"-36.77885832","144.3012321","2020-02-01 00:00:00","9785.187000000267"
3,13,"-36.77885832","144.3012321","2020-02-01 00:00:00","6720.093900000036"
3,10,"-36.77885832","144.3012321","2020-02-01 00:00:00","5805.992999999959"
5,42,"-36.38031889","145.4062897","2020-02-01 00:00:00","4173.366899999935"
3,9,"-36.77885832","144.3012321","2020-02-01 00:00:00","1358.0600000000122"
1,27,"-37.71828652","145.0509752","2020-03-01 00:00:00","53486.31200000015"
2,1,"-36.11120917","146.8486788","2020-03-01 00:00:00","15077.323000000382"
2,2,"-36.11120917","146.8486788","2020-03-01 00:00:00","13136.541999999929"
4,41,"-34.20528877","142.166556","2020-03-01 00:00:00","12615.906599999813"
3,12,"-36.77885832","144.3012321","2020-03-01 00:00:00","12235.594099999813"
3,7,"-36.77885832","144.3012321","2020-03-01 00:00:00","9944.40639999992"
2,3,"-36.11120917","146.8486788","2020-03-01 00:00:00","9469.467000000004"
3,13,"-36.77885832","144.3012321","2020-03-01 00:00:00","6740.953299999906"
3,10,"-36.77885832","144.3012321","2020-03-01 00:00:00","5770.930000000022"
5,42,"-36.38031889","145.4062897","2020-03-01 00:00:00","4214.375100000019"
1,35,"-37.71828652","145.0509752","2020-03-01 00:00:00","1585.9562652400011"
3,9,"-36.77885832","144.3012321","2020-03-01 00:00:00","1269.558000000041"
1,34,"-37.71828652","145.0509752","2020-03-01 00:00:00","881.7935047000002"
1,27,"-37.71828652","145.0509752","2020-04-01 00:00:00","35816.984400000045"
2,1,"-36.11120917","146.8486788","2020-04-01 00:00:00","10229.664000000164"
4,41,"-34.20528877","142.166556","2020-04-01 00:00:00","9037.718400000187"
2,2,"-36.11120917","146.8486788","2020-04-01 00:00:00","8982.81999999992"
3,12,"-36.77885832","144.3012321","2020-04-01 00:00:00","7579.093700000027"
3,7,"-36.77885832","144.3012321","2020-04-01 00:00:00","6731.875399999786"
2,3,"-36.11120917","146.8486788","2020-04-01 00:00:00","6289.180999999808"
3,13,"-36.77885832","144.3012321","2020-04-01 00:00:00","5260.1252000000095"
3,10,"-36.77885832","144.3012321","2020-04-01 00:00:00","3818.5449999998964"
5,42,"-36.38031889","145.4062897","2020-04-01 00:00:00","2849.437699999995"
1,35,"-37.71828652","145.0509752","2020-04-01 00:00:00","2348.7561019999994"
1,34,"-37.71828652","145.0509752","2020-04-01 00:00:00","1757.473635599999"
3,9,"-36.77885832","144.3012321","2020-04-01 00:00:00","759.7780000000057"
1,27,"-37.71828652","145.0509752","2020-05-01 00:00:00","22613.03139999992"
2,1,"-36.11120917","146.8486788","2020-05-01 00:00:00","8992.19000000006"
4,41,"-34.20528877","142.166556","2020-05-01 00:00:00","8925.562599999947"
2,2,"-36.11120917","146.8486788","2020-05-01 00:00:00","7283.359999999986"
3,12,"-36.77885832","144.3012321","2020-05-01 00:00:00","6461.9374000000535"
3,7,"-36.77885832","144.3012321","2020-05-01 00:00:00","5946.06220000016"
3,13,"-36.77885832","144.3012321","2020-05-01 00:00:00","5777.171900000016"
2,3,"-36.11120917","146.8486788","2020-05-01 00:00:00","5447.833999999915"
3,10,"-36.77885832","144.3012321","2020-05-01 00:00:00","3379.282999999996"
5,42,"-36.38031889","145.4062897","2020-05-01 00:00:00","2243.2342000000062"
1,35,"-37.71828652","145.0509752","2020-05-01 00:00:00","1880.7985810000018"
1,34,"-37.71828652","145.0509752","2020-05-01 00:00:00","1471.675291000001"
3,9,"-36.77885832","144.3012321","2020-05-01 00:00:00","688.7200000000012"
1,27,"-37.71828652","145.0509752","2020-06-01 00:00:00","15102.71889999992"
4,41,"-34.20528877","142.166556","2020-06-01 00:00:00","7058.062450000027"
2,1,"-36.11120917","146.8486788","2020-06-01 00:00:00","6185.52099999995"
2,2,"-36.11120917","146.8486788","2020-06-01 00:00:00","4623.482124999951"
1,15,"-37.71828652","145.0509752","2020-06-01 00:00:00","4172.761154021875"
3,7,"-36.77885832","144.3012321","2020-06-01 00:00:00","4076.562300000107"
2,3,"-36.11120917","146.8486788","2020-06-01 00:00:00","3488.351000000024"
1,24,"-37.71828652","145.0509752","2020-06-01 00:00:00","3230.3352449791255"
1,33,"-37.71828652","145.0509752","2020-06-01 00:00:00","3026.2381723212493"
3,10,"-36.77885832","144.3012321","2020-06-01 00:00:00","2741.3129999999655"
1,31,"-37.71828652","145.0509752","2020-06-01 00:00:00","2695.477414890624"
1,20,"-37.71828652","145.0509752","2020-06-01 00:00:00","2492.649665218124"
1,40,"-37.71828652","145.0509752","2020-06-01 00:00:00","2223.503729328125"
3,13,"-36.77885832","144.3012321","2020-06-01 00:00:00","2220.468625000067"
1,22,"-37.71828652","145.0509752","2020-06-01 00:00:00","2099.0254300700003"
3,12,"-36.77885832","144.3012321","2020-06-01 00:00:00","1906.1873500000802"
1,14,"-37.71828652","145.0509752","2020-06-01 00:00:00","1853.945663075"
5,42,"-36.38031889","145.4062897","2020-06-01 00:00:00","1799.7971249999682"
1,38,"-37.71828652","145.0509752","2020-06-01 00:00:00","1495.641362581688"
1,37,"-37.71828652","145.0509752","2020-06-01 00:00:00","1452.2565963731267"
1,35,"-37.71828652","145.0509752","2020-06-01 00:00:00","1418.9340819687486"
1,36,"-37.71828652","145.0509752","2020-06-01 00:00:00","1381.7114421711253"
1,17,"-37.71828652","145.0509752","2020-06-01 00:00:00","1351.7392443915621"
1,26,"-37.71828652","145.0509752","2020-06-01 00:00:00","1177.0312248962503"
1,34,"-37.71828652","145.0509752","2020-06-01 00:00:00","1165.8461954375025"
1,21,"-37.71828652","145.0509752","2020-06-01 00:00:00","1024.5789155239065"
1,32,"-37.71828652","145.0509752","2020-06-01 00:00:00","1014.5505033129072"
1,19,"-37.71828652","145.0509752","2020-06-01 00:00:00","839.1422733179686"
1,25,"-37.71828652","145.0509752","2020-06-01 00:00:00","721.213688862356"
3,9,"-36.77885832","144.3012321","2020-06-01 00:00:00","552.9269375000295"
1,27,"-37.71828652","145.0509752","2020-07-01 00:00:00","21453"
1,25,"-37.71828652","145.0509752","2020-07-01 00:00:00","15906.423522949219"
1,19,"-37.71828652","145.0509752","2020-07-01 00:00:00","7404.8675537109375"
4,41,"-34.20528877","142.166556","2020-07-01 00:00:00","7173.6875"
2,1,"-36.11120917","146.8486788","2020-07-01 00:00:00","6806.28125"
1,18,"-37.71828652","145.0509752","2020-07-01 00:00:00","5671.730958938599"
2,2,"-36.11120917","146.8486788","2020-07-01 00:00:00","5209.640625"
1,24,"-37.71828652","145.0509752","2020-07-01 00:00:00","4209.455322265625"
3,13,"-36.77885832","144.3012321","2020-07-01 00:00:00","4065.578125"
3,12,"-36.77885832","144.3012321","2020-07-01 00:00:00","3965.0625"
2,3,"-36.11120917","146.8486788","2020-07-01 00:00:00","3947.0625"
1,33,"-37.71828652","145.0509752","2020-07-01 00:00:00","3858.646240234375"
1,31,"-37.71828652","145.0509752","2020-07-01 00:00:00","3418.0419921875"
1,20,"-37.71828652","145.0509752","2020-07-01 00:00:00","3255.602294921875"
1,15,"-37.71828652","145.0509752","2020-07-01 00:00:00","3218.62890625"
1,40,"-37.71828652","145.0509752","2020-07-01 00:00:00","2820.242431640625"
3,10,"-36.77885832","144.3012321","2020-07-01 00:00:00","2792.4375"
1,14,"-37.71828652","145.0509752","2020-07-01 00:00:00","2778.56640625"
1,22,"-37.71828652","145.0509752","2020-07-01 00:00:00","2692.719482421875"
1,38,"-37.71828652","145.0509752","2020-07-01 00:00:00","2143.0069580078125"
1,37,"-37.71828652","145.0509752","2020-07-01 00:00:00","1929.450439453125"
1,17,"-37.71828652","145.0509752","2020-07-01 00:00:00","1829.2391357421875"
5,42,"-36.38031889","145.4062897","2020-07-01 00:00:00","1808.3515625"
1,36,"-37.71828652","145.0509752","2020-07-01 00:00:00","1801.7872314453125"
1,26,"-37.71828652","145.0509752","2020-07-01 00:00:00","1471.096435546875"
1,21,"-37.71828652","145.0509752","2020-07-01 00:00:00","1344.0372314453125"
1,32,"-37.71828652","145.0509752","2020-07-01 00:00:00","1329.06396484375"
1,35,"-37.71828652","145.0509752","2020-07-01 00:00:00","1135.0849609375"
3,7,"-36.77885832","144.3012321","2020-07-01 00:00:00","1133.84375"
1,34,"-37.71828652","145.0509752","2020-07-01 00:00:00","927.85595703125"
3,9,"-36.77885832","144.3012321","2020-07-01 00:00:00","561.16015625"
1,29,"-37.71828652","145.0509752","2020-07-01 00:00:00","111.28799682855606"
1,28,"-37.71828652","145.0509752","2020-07-01 00:00:00","90.48898701369762"
1,27,"-37.71828652","145.0509752","2020-08-01 00:00:00","34258.15625"
1,25,"-37.71828652","145.0509752","2020-08-01 00:00:00","29360.314453125"
1,19,"-37.71828652","145.0509752","2020-08-01 00:00:00","15136.8515625"
1,18,"-37.71828652","145.0509752","2020-08-01 00:00:00","13073.837890625"
4,41,"-34.20528877","142.166556","2020-08-01 00:00:00","9584.78125"
2,1,"-36.11120917","146.8486788","2020-08-01 00:00:00","9281.6875"
2,2,"-36.11120917","146.8486788","2020-08-01 00:00:00","7937.90625"
1,24,"-37.71828652","145.0509752","2020-08-01 00:00:00","6878.962890625"
1,33,"-37.71828652","145.0509752","2020-08-01 00:00:00","6645.6201171875"
3,13,"-36.77885832","144.3012321","2020-08-01 00:00:00","6179.984375"
1,15,"-37.71828652","145.0509752","2020-08-01 00:00:00","6178.8095703125"
1,20,"-37.71828652","145.0509752","2020-08-01 00:00:00","6008.80224609375"
2,3,"-36.11120917","146.8486788","2020-08-01 00:00:00","5769.3125"
3,12,"-36.77885832","144.3012321","2020-08-01 00:00:00","5635.1875"
1,31,"-37.71828652","145.0509752","2020-08-01 00:00:00","5373.283203125"
1,40,"-37.71828652","145.0509752","2020-08-01 00:00:00","5198.3388671875"
1,14,"-37.71828652","145.0509752","2020-08-01 00:00:00","4794.4208984375"
1,22,"-37.71828652","145.0509752","2020-08-01 00:00:00","4786.3212890625"
1,38,"-37.71828652","145.0509752","2020-08-01 00:00:00","4071.10009765625"
3,10,"-36.77885832","144.3012321","2020-08-01 00:00:00","3742.171875"
1,36,"-37.71828652","145.0509752","2020-08-01 00:00:00","3480.7548828125"
1,37,"-37.71828652","145.0509752","2020-08-01 00:00:00","3452.55810546875"
1,17,"-37.71828652","145.0509752","2020-08-01 00:00:00","3263.94140625"
1,26,"-37.71828652","145.0509752","2020-08-01 00:00:00","2749.043212890625"
1,21,"-37.71828652","145.0509752","2020-08-01 00:00:00","2648.65234375"
5,42,"-36.38031889","145.4062897","2020-08-01 00:00:00","2601.25"
1,32,"-37.71828652","145.0509752","2020-08-01 00:00:00","2329.4365234375"
1,35,"-37.71828652","145.0509752","2020-08-01 00:00:00","2101.91015625"
1,34,"-37.71828652","145.0509752","2020-08-01 00:00:00","1605.2275390625"
1,23,"-37.71828652","145.0509752","2020-08-01 00:00:00","1599.7028121948242"
1,30,"-37.71828652","145.0509752","2020-08-01 00:00:00","1219.148678779602"
3,7,"-36.77885832","144.3012321","2020-08-01 00:00:00","927.125"
1,29,"-37.71828652","145.0509752","2020-08-01 00:00:00","859.6733703613281"
3,9,"-36.77885832","144.3012321","2020-08-01 00:00:00","801.3828125"
1,39,"-37.71828652","145.0509752","2020-08-01 00:00:00","713.7001042366028"
1,28,"-37.71828652","145.0509752","2020-08-01 00:00:00","561.6831283569336"
1,27,"-37.71828652","145.0509752","2020-09-01 00:00:00","38786.375"
1,25,"-37.71828652","145.0509752","2020-09-01 00:00:00","37059.45703125"
1,19,"-37.71828652","145.0509752","2020-09-01 00:00:00","19243.431640625"
1,18,"-37.71828652","145.0509752","2020-09-01 00:00:00","16931.49609375"
2,1,"-36.11120917","146.8486788","2020-09-01 00:00:00","10462.96875"
4,41,"-34.20528877","142.166556","2020-09-01 00:00:00","9916.09375"
2,2,"-36.11120917","146.8486788","2020-09-01 00:00:00","8994.0625"
1,24,"-37.71828652","145.0509752","2020-09-01 00:00:00","8482.642578125"
1,33,"-37.71828652","145.0509752","2020-09-01 00:00:00","8366.376953125"
1,15,"-37.71828652","145.0509752","2020-09-01 00:00:00","7958.8779296875"
1,20,"-37.71828652","145.0509752","2020-09-01 00:00:00","7715.4794921875"
1,31,"-37.71828652","145.0509752","2020-09-01 00:00:00","7073.4853515625"
1,40,"-37.71828652","145.0509752","2020-09-01 00:00:00","6789.2080078125"
1,22,"-37.71828652","145.0509752","2020-09-01 00:00:00","6470.6845703125"
2,3,"-36.11120917","146.8486788","2020-09-01 00:00:00","6454.1875"
3,12,"-36.77885832","144.3012321","2020-09-01 00:00:00","6415.96875"
1,14,"-37.71828652","145.0509752","2020-09-01 00:00:00","6279.662109375"
3,13,"-36.77885832","144.3012321","2020-09-01 00:00:00","6116.953125"
1,23,"-37.71828652","145.0509752","2020-09-01 00:00:00","5339.65380859375"
1,38,"-37.71828652","145.0509752","2020-09-01 00:00:00","5277.5859375"
1,36,"-37.71828652","145.0509752","2020-09-01 00:00:00","4579.82763671875"
1,37,"-37.71828652","145.0509752","2020-09-01 00:00:00","4415.0380859375"
1,17,"-37.71828652","145.0509752","2020-09-01 00:00:00","4223.51904296875"
3,10,"-36.77885832","144.3012321","2020-09-01 00:00:00","4088.65625"
1,30,"-37.71828652","145.0509752","2020-09-01 00:00:00","3687.9769287109375"
1,21,"-37.71828652","145.0509752","2020-09-01 00:00:00","3577.91552734375"
1,26,"-37.71828652","145.0509752","2020-09-01 00:00:00","3452.27880859375"
5,42,"-36.38031889","145.4062897","2020-09-01 00:00:00","3035.09375"
1,39,"-37.71828652","145.0509752","2020-09-01 00:00:00","3018.6737060546875"
1,32,"-37.71828652","145.0509752","2020-09-01 00:00:00","3004.27587890625"
1,35,"-37.71828652","145.0509752","2020-09-01 00:00:00","2682.20703125"
1,34,"-37.71828652","145.0509752","2020-09-01 00:00:00","1978.083984375"
3,7,"-36.77885832","144.3012321","2020-09-01 00:00:00","1276.8125"
1,29,"-37.71828652","145.0509752","2020-09-01 00:00:00","1199.7452392578125"
1,28,"-37.71828652","145.0509752","2020-09-01 00:00:00","1188.21826171875"
3,9,"-36.77885832","144.3012321","2020-09-01 00:00:00","902.23828125"
1,27,"-37.71828652","145.0509752","2020-10-01 00:00:00","50950.75"
1,25,"-37.71828652","145.0509752","2020-10-01 00:00:00","40609.7421875"
1,19,"-37.71828652","145.0509752","2020-10-01 00:00:00","21562.71484375"
1,18,"-37.71828652","145.0509752","2020-10-01 00:00:00","17944.9609375"
2,1,"-36.11120917","146.8486788","2020-10-01 00:00:00","11721.75"
4,41,"-34.20528877","142.166556","2020-10-01 00:00:00","9966.9375"
2,2,"-36.11120917","146.8486788","2020-10-01 00:00:00","9818.0625"
1,15,"-37.71828652","145.0509752","2020-10-01 00:00:00","9774.466796875"
1,24,"-37.71828652","145.0509752","2020-10-01 00:00:00","8990.017578125"
1,33,"-37.71828652","145.0509752","2020-10-01 00:00:00","8952.08984375"
1,20,"-37.71828652","145.0509752","2020-10-01 00:00:00","8266.451171875"
1,31,"-37.71828652","145.0509752","2020-10-01 00:00:00","7806.1015625"
1,40,"-37.71828652","145.0509752","2020-10-01 00:00:00","7771.228515625"
1,22,"-37.71828652","145.0509752","2020-10-01 00:00:00","7428.478515625"
3,12,"-36.77885832","144.3012321","2020-10-01 00:00:00","7346.65625"
2,3,"-36.11120917","146.8486788","2020-10-01 00:00:00","7199.40625"
1,14,"-37.71828652","145.0509752","2020-10-01 00:00:00","7176.017578125"
3,13,"-36.77885832","144.3012321","2020-10-01 00:00:00","6656.828125"
1,23,"-37.71828652","145.0509752","2020-10-01 00:00:00","5847.12109375"
1,38,"-37.71828652","145.0509752","2020-10-01 00:00:00","5709.9189453125"
1,36,"-37.71828652","145.0509752","2020-10-01 00:00:00","5135.1337890625"
1,37,"-37.71828652","145.0509752","2020-10-01 00:00:00","5122.3056640625"
1,17,"-37.71828652","145.0509752","2020-10-01 00:00:00","4646.5419921875"
3,10,"-36.77885832","144.3012321","2020-10-01 00:00:00","4634.703125"
1,26,"-37.71828652","145.0509752","2020-10-01 00:00:00","4124.443359375"
1,21,"-37.71828652","145.0509752","2020-10-01 00:00:00","4076.623046875"
1,30,"-37.71828652","145.0509752","2020-10-01 00:00:00","3841.3134765625"
1,32,"-37.71828652","145.0509752","2020-10-01 00:00:00","3373.5546875"
1,39,"-37.71828652","145.0509752","2020-10-01 00:00:00","3246.53125"
5,42,"-36.38031889","145.4062897","2020-10-01 00:00:00","3222.15625"
1,35,"-37.71828652","145.0509752","2020-10-01 00:00:00","2816.9052734375"
1,34,"-37.71828652","145.0509752","2020-10-01 00:00:00","2002.8408203125"
1,28,"-37.71828652","145.0509752","2020-10-01 00:00:00","1564.78369140625"
1,29,"-37.71828652","145.0509752","2020-10-01 00:00:00","1463.9931640625"
3,7,"-36.77885832","144.3012321","2020-10-01 00:00:00","1461.71875"
3,9,"-36.77885832","144.3012321","2020-10-01 00:00:00","1109.046875"
1,27,"-37.71828652","145.0509752","2020-11-01 00:00:00","55111.8125"
1,25,"-37.71828652","145.0509752","2020-11-01 00:00:00","48478.265625"
1,19,"-37.71828652","145.0509752","2020-11-01 00:00:00","24716.8515625"
1,18,"-37.71828652","145.0509752","2020-11-01 00:00:00","20509.46875"
2,1,"-36.11120917","146.8486788","2020-11-01 00:00:00","16164.5"
4,41,"-34.20528877","142.166556","2020-11-01 00:00:00","14816.4375"
2,2,"-36.11120917","146.8486788","2020-11-01 00:00:00","13442.6875"
1,15,"-37.71828652","145.0509752","2020-11-01 00:00:00","11484.9453125"
2,3,"-36.11120917","146.8486788","2020-11-01 00:00:00","10707.4375"
1,24,"-37.71828652","145.0509752","2020-11-01 00:00:00","10205.4140625"
3,12,"-36.77885832","144.3012321","2020-11-01 00:00:00","10027.5"
1,33,"-37.71828652","145.0509752","2020-11-01 00:00:00","9991.75"
1,20,"-37.71828652","145.0509752","2020-11-01 00:00:00","9177.609375"
1,40,"-37.71828652","145.0509752","2020-11-01 00:00:00","8993.0625"
1,31,"-37.71828652","145.0509752","2020-11-01 00:00:00","8774.943359375"
1,22,"-37.71828652","145.0509752","2020-11-01 00:00:00","8411.517578125"
1,14,"-37.71828652","145.0509752","2020-11-01 00:00:00","8272.033203125"
1,23,"-37.71828652","145.0509752","2020-11-01 00:00:00","6935.3310546875"
3,13,"-36.77885832","144.3012321","2020-11-01 00:00:00","6649.796875"
1,38,"-37.71828652","145.0509752","2020-11-01 00:00:00","6286.3125"
3,10,"-36.77885832","144.3012321","2020-11-01 00:00:00","6212.8125"
1,37,"-37.71828652","145.0509752","2020-11-01 00:00:00","5776.9140625"
1,36,"-37.71828652","145.0509752","2020-11-01 00:00:00","5676.978515625"
1,17,"-37.71828652","145.0509752","2020-11-01 00:00:00","5321.1328125"
1,30,"-37.71828652","145.0509752","2020-11-01 00:00:00","4492.099609375"
1,26,"-37.71828652","145.0509752","2020-11-01 00:00:00","4490.95703125"
1,21,"-37.71828652","145.0509752","2020-11-01 00:00:00","4414.9111328125"
5,42,"-36.38031889","145.4062897","2020-11-01 00:00:00","4266.5625"
1,39,"-37.71828652","145.0509752","2020-11-01 00:00:00","3876.55615234375"
1,32,"-37.71828652","145.0509752","2020-11-01 00:00:00","3828.869140625"
1,35,"-37.71828652","145.0509752","2020-11-01 00:00:00","3420.658203125"
1,34,"-37.71828652","145.0509752","2020-11-01 00:00:00","2195.20703125"
1,28,"-37.71828652","145.0509752","2020-11-01 00:00:00","1906.85400390625"
1,29,"-37.71828652","145.0509752","2020-11-01 00:00:00","1786.076416015625"
3,9,"-36.77885832","144.3012321","2020-11-01 00:00:00","1451.69140625"
3,7,"-36.77885832","144.3012321","2020-11-01 00:00:00","1289.09375"
1,27,"-37.71828652","145.0509752","2020-12-01 00:00:00","57987.25"
1,25,"-37.71828652","145.0509752","2020-12-01 00:00:00","49386.921875"
1,19,"-37.71828652","145.0509752","2020-12-01 00:00:00","25567.6171875"
1,18,"-37.71828652","145.0509752","2020-12-01 00:00:00","21365.34375"
2,1,"-36.11120917","146.8486788","2020-12-01 00:00:00","15477.71875"
4,41,"-34.20528877","142.166556","2020-12-01 00:00:00","14832.3125"
2,2,"-36.11120917","146.8486788","2020-12-01 00:00:00","12469.53125"
1,15,"-37.71828652","145.0509752","2020-12-01 00:00:00","11838.3515625"
1,24,"-37.71828652","145.0509752","2020-12-01 00:00:00","10743.203125"
1,33,"-37.71828652","145.0509752","2020-12-01 00:00:00","10341.33984375"
3,12,"-36.77885832","144.3012321","2020-12-01 00:00:00","10337.90625"
2,3,"-36.11120917","146.8486788","2020-12-01 00:00:00","9962.6875"
1,20,"-37.71828652","145.0509752","2020-12-01 00:00:00","9730.03125"
1,40,"-37.71828652","145.0509752","2020-12-01 00:00:00","9375.15625"
1,31,"-37.71828652","145.0509752","2020-12-01 00:00:00","9146.4296875"
1,22,"-37.71828652","145.0509752","2020-12-01 00:00:00","8576.77734375"
1,14,"-37.71828652","145.0509752","2020-12-01 00:00:00","8568.34765625"
1,23,"-37.71828652","145.0509752","2020-12-01 00:00:00","7201.17578125"
1,38,"-37.71828652","145.0509752","2020-12-01 00:00:00","6527.435546875"
1,37,"-37.71828652","145.0509752","2020-12-01 00:00:00","6049.767578125"
3,10,"-36.77885832","144.3012321","2020-12-01 00:00:00","5779.921875"
1,36,"-37.71828652","145.0509752","2020-12-01 00:00:00","5774.50390625"
1,17,"-37.71828652","145.0509752","2020-12-01 00:00:00","5664.45703125"
3,13,"-36.77885832","144.3012321","2020-12-01 00:00:00","4999.59375"
1,30,"-37.71828652","145.0509752","2020-12-01 00:00:00","4725.3349609375"
1,26,"-37.71828652","145.0509752","2020-12-01 00:00:00","4648.501953125"
1,21,"-37.71828652","145.0509752","2020-12-01 00:00:00","4616.44140625"
1,39,"-37.71828652","145.0509752","2020-12-01 00:00:00","4033.9150390625"
1,32,"-37.71828652","145.0509752","2020-12-01 00:00:00","3969.400390625"
5,42,"-36.38031889","145.4062897","2020-12-01 00:00:00","3876.28125"
1,35,"-37.71828652","145.0509752","2020-12-01 00:00:00","3803.685546875"
3,7,"-36.77885832","144.3012321","2020-12-01 00:00:00","2725.65625"
1,34,"-37.71828652","145.0509752","2020-12-01 00:00:00","2429.69140625"
1,28,"-37.71828652","145.0509752","2020-12-01 00:00:00","1967.619140625"
1,29,"-37.71828652","145.0509752","2020-12-01 00:00:00","1846.189453125"
1,16,"-37.71828652","145.0509752","2020-12-01 00:00:00","1418.43505859375"
3,9,"-36.77885832","144.3012321","2020-12-01 00:00:00","1302.23828125"
2,5,"-36.11120917","146.8486788","2020-12-01 00:00:00","1062.7421875"
2,4,"-36.11120917","146.8486788","2020-12-01 00:00:00","1015.94140625"
1,27,"-37.71828652","145.0509752","2021-01-01 00:00:00","50114"
1,25,"-37.71828652","145.0509752","2021-01-01 00:00:00","48706.3125"
1,19,"-37.71828652","145.0509752","2021-01-01 00:00:00","25922.65625"
1,18,"-37.71828652","145.0509752","2021-01-01 00:00:00","21547.3046875"
2,1,"-36.11120917","146.8486788","2021-01-01 00:00:00","16883.59375"
4,41,"-34.20528877","142.166556","2021-01-01 00:00:00","15620.5"
2,2,"-36.11120917","146.8486788","2021-01-01 00:00:00","12890.09375"
1,15,"-37.71828652","145.0509752","2021-01-01 00:00:00","11929.5546875"
1,24,"-37.71828652","145.0509752","2021-01-01 00:00:00","10672"
3,12,"-36.77885832","144.3012321","2021-01-01 00:00:00","10532.59375"
1,33,"-37.71828652","145.0509752","2021-01-01 00:00:00","10501.7578125"
1,20,"-37.71828652","145.0509752","2021-01-01 00:00:00","9718.609375"
1,40,"-37.71828652","145.0509752","2021-01-01 00:00:00","9199.7265625"
2,3,"-36.11120917","146.8486788","2021-01-01 00:00:00","9124.375"
1,31,"-37.71828652","145.0509752","2021-01-01 00:00:00","9007.21875"
1,22,"-37.71828652","145.0509752","2021-01-01 00:00:00","8743.34375"
1,14,"-37.71828652","145.0509752","2021-01-01 00:00:00","8303.37890625"
3,7,"-36.77885832","144.3012321","2021-01-01 00:00:00","6963.78125"
1,23,"-37.71828652","145.0509752","2021-01-01 00:00:00","6892.876953125"
1,38,"-37.71828652","145.0509752","2021-01-01 00:00:00","6489.1875"
3,13,"-36.77885832","144.3012321","2021-01-01 00:00:00","6472.625"
3,10,"-36.77885832","144.3012321","2021-01-01 00:00:00","6433.1875"
1,36,"-37.71828652","145.0509752","2021-01-01 00:00:00","5945.8046875"
1,37,"-37.71828652","145.0509752","2021-01-01 00:00:00","5906.4296875"
1,17,"-37.71828652","145.0509752","2021-01-01 00:00:00","5571.419921875"
1,26,"-37.71828652","145.0509752","2021-01-01 00:00:00","4664.345703125"
1,21,"-37.71828652","145.0509752","2021-01-01 00:00:00","4663.861328125"
1,30,"-37.71828652","145.0509752","2021-01-01 00:00:00","4486.33984375"
5,42,"-36.38031889","145.4062897","2021-01-01 00:00:00","4380.921875"
1,32,"-37.71828652","145.0509752","2021-01-01 00:00:00","4000.025390625"
1,39,"-37.71828652","145.0509752","2021-01-01 00:00:00","3858.349609375"
1,35,"-37.71828652","145.0509752","2021-01-01 00:00:00","3570.47265625"
1,34,"-37.71828652","145.0509752","2021-01-01 00:00:00","2295.91796875"
1,28,"-37.71828652","145.0509752","2021-01-01 00:00:00","1890.51953125"
1,16,"-37.71828652","145.0509752","2021-01-01 00:00:00","1827.103515625"
1,29,"-37.71828652","145.0509752","2021-01-01 00:00:00","1804.88671875"
2,5,"-36.11120917","146.8486788","2021-01-01 00:00:00","1482.5703125"
3,9,"-36.77885832","144.3012321","2021-01-01 00:00:00","1481.328125"
2,4,"-36.11120917","146.8486788","2021-01-01 00:00:00","1427.41015625"
1,27,"-37.71828652","145.0509752","2021-02-01 00:00:00","54958.5"
3,11,"-36.77885832","144.3012321","2021-02-01 00:00:00","53259.328125"
1,25,"-37.71828652","145.0509752","2021-02-01 00:00:00","42976.21875"
1,19,"-37.71828652","145.0509752","2021-02-01 00:00:00","23165.75"
1,18,"-37.71828652","145.0509752","2021-02-01 00:00:00","19179.546875"
3,6,"-36.77885832","144.3012321","2021-02-01 00:00:00","17111.8232421875"
2,1,"-36.11120917","146.8486788","2021-02-01 00:00:00","14393.3125"
3,8,"-36.77885832","144.3012321","2021-02-01 00:00:00","13638.8701171875"
4,41,"-34.20528877","142.166556","2021-02-01 00:00:00","12750.8125"
2,2,"-36.11120917","146.8486788","2021-02-01 00:00:00","12016.15625"
1,15,"-37.71828652","145.0509752","2021-02-01 00:00:00","10717.5703125"
1,24,"-37.71828652","145.0509752","2021-02-01 00:00:00","9491.734375"
1,33,"-37.71828652","145.0509752","2021-02-01 00:00:00","9309.7421875"
1,20,"-37.71828652","145.0509752","2021-02-01 00:00:00","8566.984375"
3,12,"-36.77885832","144.3012321","2021-02-01 00:00:00","8507.34375"
1,40,"-37.71828652","145.0509752","2021-02-01 00:00:00","8323.375"
1,31,"-37.71828652","145.0509752","2021-02-01 00:00:00","8062.9296875"
1,22,"-37.71828652","145.0509752","2021-02-01 00:00:00","8051.3828125"
2,3,"-36.11120917","146.8486788","2021-02-01 00:00:00","8010.5625"
1,14,"-37.71828652","145.0509752","2021-02-01 00:00:00","7622.79296875"
3,13,"-36.77885832","144.3012321","2021-02-01 00:00:00","7031.6875"
1,23,"-37.71828652","145.0509752","2021-02-01 00:00:00","6372.7890625"
1,38,"-37.71828652","145.0509752","2021-02-01 00:00:00","5996.60546875"
3,7,"-36.77885832","144.3012321","2021-02-01 00:00:00","5662.40625"
3,10,"-36.77885832","144.3012321","2021-02-01 00:00:00","5447.09375"
1,36,"-37.71828652","145.0509752","2021-02-01 00:00:00","5426.71484375"
1,37,"-37.71828652","145.0509752","2021-02-01 00:00:00","5313.30078125"
1,17,"-37.71828652","145.0509752","2021-02-01 00:00:00","4902.5390625"
1,21,"-37.71828652","145.0509752","2021-02-01 00:00:00","4334.2265625"
1,26,"-37.71828652","145.0509752","2021-02-01 00:00:00","4318.32421875"
1,30,"-37.71828652","145.0509752","2021-02-01 00:00:00","4182.59375"
5,42,"-36.38031889","145.4062897","2021-02-01 00:00:00","3664.984375"
1,32,"-37.71828652","145.0509752","2021-02-01 00:00:00","3574.076171875"
1,39,"-37.71828652","145.0509752","2021-02-01 00:00:00","3538.2265625"
1,35,"-37.71828652","145.0509752","2021-02-01 00:00:00","3143.328125"
1,34,"-37.71828652","145.0509752","2021-02-01 00:00:00","2083.9765625"
1,28,"-37.71828652","145.0509752","2021-02-01 00:00:00","1771.7412109375"
1,16,"-37.71828652","145.0509752","2021-02-01 00:00:00","1716.1904296875"
1,29,"-37.71828652","145.0509752","2021-02-01 00:00:00","1673.306640625"
3,9,"-36.77885832","144.3012321","2021-02-01 00:00:00","1297.8125"
2,5,"-36.11120917","146.8486788","2021-02-01 00:00:00","1222.04296875"
2,4,"-36.11120917","146.8486788","2021-02-01 00:00:00","1185.984375"
3,11,"-36.77885832","144.3012321","2021-03-01 00:00:00","58845.40625"
1,25,"-37.71828652","145.0509752","2021-03-01 00:00:00","39712.78125"
1,27,"-37.71828652","145.0509752","2021-03-01 00:00:00","35261"
1,19,"-37.71828652","145.0509752","2021-03-01 00:00:00","20703.40625"
1,18,"-37.71828652","145.0509752","2021-03-01 00:00:00","17743.625"
3,6,"-36.77885832","144.3012321","2021-03-01 00:00:00","17135.505859375"
3,8,"-36.77885832","144.3012321","2021-03-01 00:00:00","16050.587890625"
2,1,"-36.11120917","146.8486788","2021-03-01 00:00:00","13193.375"
4,41,"-34.20528877","142.166556","2021-03-01 00:00:00","12756.3125"
2,2,"-36.11120917","146.8486788","2021-03-01 00:00:00","11648.125"
1,15,"-37.71828652","145.0509752","2021-03-01 00:00:00","9305.375"
1,24,"-37.71828652","145.0509752","2021-03-01 00:00:00","8839.8515625"
1,33,"-37.71828652","145.0509752","2021-03-01 00:00:00","8770.7734375"
3,12,"-36.77885832","144.3012321","2021-03-01 00:00:00","8213.34375"
3,13,"-36.77885832","144.3012321","2021-03-01 00:00:00","8125.75"
1,20,"-37.71828652","145.0509752","2021-03-01 00:00:00","8093.328125"
1,31,"-37.71828652","145.0509752","2021-03-01 00:00:00","7614.3359375"
2,3,"-36.11120917","146.8486788","2021-03-01 00:00:00","7509.65625"
1,40,"-37.71828652","145.0509752","2021-03-01 00:00:00","7501"
1,22,"-37.71828652","145.0509752","2021-03-01 00:00:00","7124.0546875"
1,14,"-37.71828652","145.0509752","2021-03-01 00:00:00","6986.0234375"
3,7,"-36.77885832","144.3012321","2021-03-01 00:00:00","6651.71875"
1,23,"-37.71828652","145.0509752","2021-03-01 00:00:00","5788.8125"
1,38,"-37.71828652","145.0509752","2021-03-01 00:00:00","5661.46875"
3,10,"-36.77885832","144.3012321","2021-03-01 00:00:00","5437.96875"
1,36,"-37.71828652","145.0509752","2021-03-01 00:00:00","4948.26953125"
1,37,"-37.71828652","145.0509752","2021-03-01 00:00:00","4941.16015625"
1,17,"-37.71828652","145.0509752","2021-03-01 00:00:00","4496"
1,26,"-37.71828652","145.0509752","2021-03-01 00:00:00","3914.69921875"
1,30,"-37.71828652","145.0509752","2021-03-01 00:00:00","3905.287109375"
1,21,"-37.71828652","145.0509752","2021-03-01 00:00:00","3864.078125"
5,42,"-36.38031889","145.4062897","2021-03-01 00:00:00","3740.71875"
1,32,"-37.71828652","145.0509752","2021-03-01 00:00:00","3314.64453125"
1,39,"-37.71828652","145.0509752","2021-03-01 00:00:00","3270.990234375"
1,34,"-37.71828652","145.0509752","2021-03-01 00:00:00","2070.96875"
1,16,"-37.71828652","145.0509752","2021-03-01 00:00:00","1635.1005859375"
2,4,"-36.11120917","146.8486788","2021-03-01 00:00:00","1081.10546875"
3,9,"-36.77885832","144.3012321","2021-03-01 00:00:00","1078.703125"
2,5,"-36.11120917","146.8486788","2021-03-01 00:00:00","1007.32421875"
1,29,"-37.71828652","145.0509752","2021-03-01 00:00:00","890.5791015625"
1,28,"-37.71828652","145.0509752","2021-03-01 00:00:00","840.6298828125"
1,35,"-37.71828652","145.0509752","2021-03-01 00:00:00","279.578125"
3,11,"-36.77885832","144.3012321","2021-04-01 00:00:00","45786.359375"
1,25,"-37.71828652","145.0509752","2021-04-01 00:00:00","32578.40625"
1,19,"-37.71828652","145.0509752","2021-04-01 00:00:00","16353.703125"
1,18,"-37.71828652","145.0509752","2021-04-01 00:00:00","14238.875"
3,8,"-36.77885832","144.3012321","2021-04-01 00:00:00","12307.94921875"
3,6,"-36.77885832","144.3012321","2021-04-01 00:00:00","11961.11328125"
2,1,"-36.11120917","146.8486788","2021-04-01 00:00:00","10994.21875"
2,2,"-36.11120917","146.8486788","2021-04-01 00:00:00","9803.75"
4,41,"-34.20528877","142.166556","2021-04-01 00:00:00","9611.8125"
1,24,"-37.71828652","145.0509752","2021-04-01 00:00:00","7452.2109375"
1,15,"-37.71828652","145.0509752","2021-04-01 00:00:00","7248.09375"
3,13,"-36.77885832","144.3012321","2021-04-01 00:00:00","6993"
1,33,"-37.71828652","145.0509752","2021-04-01 00:00:00","6885.875"
2,3,"-36.11120917","146.8486788","2021-04-01 00:00:00","6638.90625"
1,20,"-37.71828652","145.0509752","2021-04-01 00:00:00","6515.640625"
1,31,"-37.71828652","145.0509752","2021-04-01 00:00:00","6154.6640625"
3,12,"-36.77885832","144.3012321","2021-04-01 00:00:00","6001.59375"
3,7,"-36.77885832","144.3012321","2021-04-01 00:00:00","5979.78125"
1,40,"-37.71828652","145.0509752","2021-04-01 00:00:00","5757.5234375"
1,14,"-37.71828652","145.0509752","2021-04-01 00:00:00","5485.5"
1,22,"-37.71828652","145.0509752","2021-04-01 00:00:00","5376.71875"
1,23,"-37.71828652","145.0509752","2021-04-01 00:00:00","4472.078125"
1,38,"-37.71828652","145.0509752","2021-04-01 00:00:00","4417.265625"
3,10,"-36.77885832","144.3012321","2021-04-01 00:00:00","4066.828125"
1,36,"-37.71828652","145.0509752","2021-04-01 00:00:00","3904.70703125"
1,37,"-37.71828652","145.0509752","2021-04-01 00:00:00","3784.265625"
1,17,"-37.71828652","145.0509752","2021-04-01 00:00:00","3600.51171875"
1,30,"-37.71828652","145.0509752","2021-04-01 00:00:00","3217.3125"
5,42,"-36.38031889","145.4062897","2021-04-01 00:00:00","3048.109375"
1,26,"-37.71828652","145.0509752","2021-04-01 00:00:00","3037.02734375"
1,21,"-37.71828652","145.0509752","2021-04-01 00:00:00","2991.65234375"
1,39,"-37.71828652","145.0509752","2021-04-01 00:00:00","2632.92578125"
1,32,"-37.71828652","145.0509752","2021-04-01 00:00:00","2530.9296875"
1,34,"-37.71828652","145.0509752","2021-04-01 00:00:00","1675.275390625"
1,27,"-37.71828652","145.0509752","2021-04-01 00:00:00","1582.25"
1,16,"-37.71828652","145.0509752","2021-04-01 00:00:00","1338.880859375"
1,29,"-37.71828652","145.0509752","2021-04-01 00:00:00","1053.119140625"
1,28,"-37.71828652","145.0509752","2021-04-01 00:00:00","1046.53515625"
2,4,"-36.11120917","146.8486788","2021-04-01 00:00:00","871.4140625"
2,5,"-36.11120917","146.8486788","2021-04-01 00:00:00","726.23046875"
1,35,"-37.71828652","145.0509752","2021-04-01 00:00:00","658.99609375"
3,9,"-36.77885832","144.3012321","2021-04-01 00:00:00","53.41015625"
3,11,"-36.77885832","144.3012321","2021-05-01 00:00:00","34694.46875"
1,25,"-37.71828652","145.0509752","2021-05-01 00:00:00","23453.59375"
1,27,"-37.71828652","145.0509752","2021-05-01 00:00:00","15880.9375"
1,19,"-37.71828652","145.0509752","2021-05-01 00:00:00","11336.6875"
1,18,"-37.71828652","145.0509752","2021-05-01 00:00:00","9820.546875"
3,8,"-36.77885832","144.3012321","2021-05-01 00:00:00","9227.98828125"
3,6,"-36.77885832","144.3012321","2021-05-01 00:00:00","8326.3203125"
2,1,"-36.11120917","146.8486788","2021-05-01 00:00:00","7614.4375"
4,41,"-34.20528877","142.166556","2021-05-01 00:00:00","6551.5625"
2,2,"-36.11120917","146.8486788","2021-05-01 00:00:00","5874.9375"
1,24,"-37.71828652","145.0509752","2021-05-01 00:00:00","5557.859375"
1,15,"-37.71828652","145.0509752","2021-05-01 00:00:00","5191.234375"
1,33,"-37.71828652","145.0509752","2021-05-01 00:00:00","5054.8359375"
1,20,"-37.71828652","145.0509752","2021-05-01 00:00:00","4553.765625"
2,3,"-36.11120917","146.8486788","2021-05-01 00:00:00","4549.59375"
1,31,"-37.71828652","145.0509752","2021-05-01 00:00:00","4538.5234375"
3,7,"-36.77885832","144.3012321","2021-05-01 00:00:00","4350"
3,12,"-36.77885832","144.3012321","2021-05-01 00:00:00","4199.875"
3,13,"-36.77885832","144.3012321","2021-05-01 00:00:00","4156.34375"
1,40,"-37.71828652","145.0509752","2021-05-01 00:00:00","3885.375"
1,14,"-37.71828652","145.0509752","2021-05-01 00:00:00","3711.9765625"
1,22,"-37.71828652","145.0509752","2021-05-01 00:00:00","3643.8359375"
1,23,"-37.71828652","145.0509752","2021-05-01 00:00:00","3195.5703125"
3,10,"-36.77885832","144.3012321","2021-05-01 00:00:00","3106.625"
1,38,"-37.71828652","145.0509752","2021-05-01 00:00:00","2950.296875"
1,37,"-37.71828652","145.0509752","2021-05-01 00:00:00","2717.6171875"
1,17,"-37.71828652","145.0509752","2021-05-01 00:00:00","2578.953125"
1,36,"-37.71828652","145.0509752","2021-05-01 00:00:00","2491.2578125"
1,30,"-37.71828652","145.0509752","2021-05-01 00:00:00","2478.9609375"
5,42,"-36.38031889","145.4062897","2021-05-01 00:00:00","2119.4375"
1,26,"-37.71828652","145.0509752","2021-05-01 00:00:00","2112.37890625"
1,21,"-37.71828652","145.0509752","2021-05-01 00:00:00","1928.671875"
1,39,"-37.71828652","145.0509752","2021-05-01 00:00:00","1922.8984375"
1,32,"-37.71828652","145.0509752","2021-05-01 00:00:00","1798.28125"
1,35,"-37.71828652","145.0509752","2021-05-01 00:00:00","1694.890625"
1,34,"-37.71828652","145.0509752","2021-05-01 00:00:00","1275.19140625"
1,16,"-37.71828652","145.0509752","2021-05-01 00:00:00","904.9482421875"
1,29,"-37.71828652","145.0509752","2021-05-01 00:00:00","725.5478515625"
1,28,"-37.71828652","145.0509752","2021-05-01 00:00:00","662.1337890625"
2,5,"-36.11120917","146.8486788","2021-05-01 00:00:00","635.60546875"
3,9,"-36.77885832","144.3012321","2021-05-01 00:00:00","634.4296875"
2,4,"-36.11120917","146.8486788","2021-05-01 00:00:00","592.5390625"
1,27,"-37.71828652","145.0509752","2021-06-01 00:00:00","22404.3125"
3,11,"-36.77885832","144.3012321","2021-06-01 00:00:00","22340.1875"
1,25,"-37.71828652","145.0509752","2021-06-01 00:00:00","16689.71875"
1,19,"-37.71828652","145.0509752","2021-06-01 00:00:00","8846.75"
1,18,"-37.71828652","145.0509752","2021-06-01 00:00:00","7553.71875"
3,8,"-36.77885832","144.3012321","2021-06-01 00:00:00","5851.421875"
3,6,"-36.77885832","144.3012321","2021-06-01 00:00:00","5535.59375"
2,1,"-36.11120917","146.8486788","2021-06-01 00:00:00","5154"
4,41,"-34.20528877","142.166556","2021-06-01 00:00:00","5129.8125"
1,24,"-37.71828652","145.0509752","2021-06-01 00:00:00","4425.5625"
1,33,"-37.71828652","145.0509752","2021-06-01 00:00:00","4106.265625"
1,15,"-37.71828652","145.0509752","2021-06-01 00:00:00","4026.015625"
2,2,"-36.11120917","146.8486788","2021-06-01 00:00:00","3837.09375"
1,31,"-37.71828652","145.0509752","2021-06-01 00:00:00","3662.9140625"
1,20,"-37.71828652","145.0509752","2021-06-01 00:00:00","3443.546875"
3,7,"-36.77885832","144.3012321","2021-06-01 00:00:00","3235"
1,40,"-37.71828652","145.0509752","2021-06-01 00:00:00","3016.7578125"
1,22,"-37.71828652","145.0509752","2021-06-01 00:00:00","2937.7421875"
2,3,"-36.11120917","146.8486788","2021-06-01 00:00:00","2924.9375"
1,14,"-37.71828652","145.0509752","2021-06-01 00:00:00","2859.8671875"
3,12,"-36.77885832","144.3012321","2021-06-01 00:00:00","2774.9375"
1,23,"-37.71828652","145.0509752","2021-06-01 00:00:00","2417.046875"
1,38,"-37.71828652","145.0509752","2021-06-01 00:00:00","2144.2109375"
1,37,"-37.71828652","145.0509752","2021-06-01 00:00:00","2057.984375"
3,10,"-36.77885832","144.3012321","2021-06-01 00:00:00","2004.375"
1,17,"-37.71828652","145.0509752","2021-06-01 00:00:00","1992.08203125"
3,13,"-36.77885832","144.3012321","2021-06-01 00:00:00","1969"
1,30,"-37.71828652","145.0509752","2021-06-01 00:00:00","1910.57421875"
1,36,"-37.71828652","145.0509752","2021-06-01 00:00:00","1908.7734375"
1,26,"-37.71828652","145.0509752","2021-06-01 00:00:00","1635.4453125"
1,21,"-37.71828652","145.0509752","2021-06-01 00:00:00","1456.05859375"
1,32,"-37.71828652","145.0509752","2021-06-01 00:00:00","1433.90234375"
1,39,"-37.71828652","145.0509752","2021-06-01 00:00:00","1424.14453125"
5,42,"-36.38031889","145.4062897","2021-06-01 00:00:00","1324.921875"
1,35,"-37.71828652","145.0509752","2021-06-01 00:00:00","1239.46484375"
1,34,"-37.71828652","145.0509752","2021-06-01 00:00:00","954.5390625"
1,16,"-37.71828652","145.0509752","2021-06-01 00:00:00","575.517578125"
1,29,"-37.71828652","145.0509752","2021-06-01 00:00:00","560.8603515625"
1,28,"-37.71828652","145.0509752","2021-06-01 00:00:00","520.8466796875"
2,5,"-36.11120917","146.8486788","2021-06-01 00:00:00","429.71484375"
2,4,"-36.11120917","146.8486788","2021-06-01 00:00:00","408.171875"
3,9,"-36.77885832","144.3012321","2021-06-01 00:00:00","404.89453125"
1,27,"-37.71828652","145.0509752","2021-07-01 00:00:00","23798.25"
3,11,"-36.77885832","144.3012321","2021-07-01 00:00:00","20691.875"
1,25,"-37.71828652","145.0509752","2021-07-01 00:00:00","20144"
1,19,"-37.71828652","145.0509752","2021-07-01 00:00:00","9785.984375"
1,18,"-37.71828652","145.0509752","2021-07-01 00:00:00","8429.796875"
4,41,"-34.20528877","142.166556","2021-07-01 00:00:00","6995.6875"
3,8,"-36.77885832","144.3012321","2021-07-01 00:00:00","5775.0546875"
3,6,"-36.77885832","144.3012321","2021-07-01 00:00:00","5720.7421875"
2,1,"-36.11120917","146.8486788","2021-07-01 00:00:00","5383.75"
1,24,"-37.71828652","145.0509752","2021-07-01 00:00:00","4766.2890625"
1,33,"-37.71828652","145.0509752","2021-07-01 00:00:00","4438.1015625"
1,15,"-37.71828652","145.0509752","2021-07-01 00:00:00","4363.7265625"
1,31,"-37.71828652","145.0509752","2021-07-01 00:00:00","4015.34375"
1,20,"-37.71828652","145.0509752","2021-07-01 00:00:00","3887.9765625"
2,2,"-36.11120917","146.8486788","2021-07-01 00:00:00","3510.4375"
1,40,"-37.71828652","145.0509752","2021-07-01 00:00:00","3437.71875"
1,22,"-37.71828652","145.0509752","2021-07-01 00:00:00","3210.5859375"
2,3,"-36.11120917","146.8486788","2021-07-01 00:00:00","3159.78125"
3,7,"-36.77885832","144.3012321","2021-07-01 00:00:00","2747.34375"
3,12,"-36.77885832","144.3012321","2021-07-01 00:00:00","2735.8125"
1,23,"-37.71828652","145.0509752","2021-07-01 00:00:00","2620.3828125"
1,38,"-37.71828652","145.0509752","2021-07-01 00:00:00","2464.671875"
3,13,"-36.77885832","144.3012321","2021-07-01 00:00:00","2265.4375"
1,37,"-37.71828652","145.0509752","2021-07-01 00:00:00","2259.9609375"
1,17,"-37.71828652","145.0509752","2021-07-01 00:00:00","2238.39453125"
1,36,"-37.71828652","145.0509752","2021-07-01 00:00:00","2160.79296875"
3,10,"-36.77885832","144.3012321","2021-07-01 00:00:00","2081.84375"
1,30,"-37.71828652","145.0509752","2021-07-01 00:00:00","2047.875"
1,26,"-37.71828652","145.0509752","2021-07-01 00:00:00","1798.62890625"
1,21,"-37.71828652","145.0509752","2021-07-01 00:00:00","1648.8203125"
1,39,"-37.71828652","145.0509752","2021-07-01 00:00:00","1569.8125"
1,32,"-37.71828652","145.0509752","2021-07-01 00:00:00","1569.7578125"
1,35,"-37.71828652","145.0509752","2021-07-01 00:00:00","1367.12890625"
5,42,"-36.38031889","145.4062897","2021-07-01 00:00:00","1281.890625"
1,34,"-37.71828652","145.0509752","2021-07-01 00:00:00","1023.509765625"
1,14,"-37.71828652","145.0509752","2021-07-01 00:00:00","656.8203125"
1,29,"-37.71828652","145.0509752","2021-07-01 00:00:00","655.0595703125"
1,16,"-37.71828652","145.0509752","2021-07-01 00:00:00","644.212890625"
1,28,"-37.71828652","145.0509752","2021-07-01 00:00:00","591.7578125"
3,9,"-36.77885832","144.3012321","2021-07-01 00:00:00","434.78125"
2,4,"-36.11120917","146.8486788","2021-07-01 00:00:00","403.65234375"
2,5,"-36.11120917","146.8486788","2021-07-01 00:00:00","400.04296875"
3,11,"-36.77885832","144.3012321","2021-08-01 00:00:00","38197.84375"
1,27,"-37.71828652","145.0509752","2021-08-01 00:00:00","34894.5"
1,25,"-37.71828652","145.0509752","2021-08-01 00:00:00","29526.5"
1,19,"-37.71828652","145.0509752","2021-08-01 00:00:00","14784.34375"
1,18,"-37.71828652","145.0509752","2021-08-01 00:00:00","12821.296875"
4,41,"-34.20528877","142.166556","2021-08-01 00:00:00","11038.125"
3,6,"-36.77885832","144.3012321","2021-08-01 00:00:00","10538.578125"
3,8,"-36.77885832","144.3012321","2021-08-01 00:00:00","10369.34375"
2,1,"-36.11120917","146.8486788","2021-08-01 00:00:00","8956.4375"
1,24,"-37.71828652","145.0509752","2021-08-01 00:00:00","6841.4453125"
2,2,"-36.11120917","146.8486788","2021-08-01 00:00:00","6458.5625"
1,33,"-37.71828652","145.0509752","2021-08-01 00:00:00","6449.1328125"
1,15,"-37.71828652","145.0509752","2021-08-01 00:00:00","6382.734375"
1,20,"-37.71828652","145.0509752","2021-08-01 00:00:00","5916.7734375"
3,13,"-36.77885832","144.3012321","2021-08-01 00:00:00","5915.84375"
1,31,"-37.71828652","145.0509752","2021-08-01 00:00:00","5789.875"
2,3,"-36.11120917","146.8486788","2021-08-01 00:00:00","5503"
3,12,"-36.77885832","144.3012321","2021-08-01 00:00:00","5313.40625"
3,7,"-36.77885832","144.3012321","2021-08-01 00:00:00","5280.65625"
1,40,"-37.71828652","145.0509752","2021-08-01 00:00:00","5076.6328125"
1,14,"-37.71828652","145.0509752","2021-08-01 00:00:00","4863.0625"
1,22,"-37.71828652","145.0509752","2021-08-01 00:00:00","4689.6484375"
1,23,"-37.71828652","145.0509752","2021-08-01 00:00:00","4031.4375"
1,38,"-37.71828652","145.0509752","2021-08-01 00:00:00","3939.1015625"
3,10,"-36.77885832","144.3012321","2021-08-01 00:00:00","3625.28125"
1,37,"-37.71828652","145.0509752","2021-08-01 00:00:00","3382.91015625"
1,36,"-37.71828652","145.0509752","2021-08-01 00:00:00","3382.11328125"
1,17,"-37.71828652","145.0509752","2021-08-01 00:00:00","3264.890625"
1,30,"-37.71828652","145.0509752","2021-08-01 00:00:00","2970.65234375"
1,26,"-37.71828652","145.0509752","2021-08-01 00:00:00","2651.03515625"
1,21,"-37.71828652","145.0509752","2021-08-01 00:00:00","2629.859375"
1,39,"-37.71828652","145.0509752","2021-08-01 00:00:00","2390.9921875"
5,42,"-36.38031889","145.4062897","2021-08-01 00:00:00","2382.390625"
1,32,"-37.71828652","145.0509752","2021-08-01 00:00:00","2310.16015625"
1,35,"-37.71828652","145.0509752","2021-08-01 00:00:00","2100.8828125"
1,34,"-37.71828652","145.0509752","2021-08-01 00:00:00","1545.94921875"
1,16,"-37.71828652","145.0509752","2021-08-01 00:00:00","1090.279296875"
1,29,"-37.71828652","145.0509752","2021-08-01 00:00:00","901.197265625"
1,28,"-37.71828652","145.0509752","2021-08-01 00:00:00","882.498046875"
3,9,"-36.77885832","144.3012321","2021-08-01 00:00:00","783.6796875"
2,5,"-36.11120917","146.8486788","2021-08-01 00:00:00","718.35546875"
2,4,"-36.11120917","146.8486788","2021-08-01 00:00:00","688.6484375"
3,11,"-36.77885832","144.3012321","2021-09-01 00:00:00","53101.53125"
1,27,"-37.71828652","145.0509752","2021-09-01 00:00:00","50397.3125"
1,25,"-37.71828652","145.0509752","2021-09-01 00:00:00","40665.625"
1,19,"-37.71828652","145.0509752","2021-09-01 00:00:00","21611.28125"
1,18,"-37.71828652","145.0509752","2021-09-01 00:00:00","18652.78125"
3,6,"-36.77885832","144.3012321","2021-09-01 00:00:00","14926.1875"
3,8,"-36.77885832","144.3012321","2021-09-01 00:00:00","14454.8984375"
4,41,"-34.20528877","142.166556","2021-09-01 00:00:00","14110"
2,1,"-36.11120917","146.8486788","2021-09-01 00:00:00","12726.375"
2,2,"-36.11120917","146.8486788","2021-09-01 00:00:00","11043.15625"
1,15,"-37.71828652","145.0509752","2021-09-01 00:00:00","9572.84375"
1,24,"-37.71828652","145.0509752","2021-09-01 00:00:00","9511.875"
1,33,"-37.71828652","145.0509752","2021-09-01 00:00:00","9223.1328125"
1,20,"-37.71828652","145.0509752","2021-09-01 00:00:00","8477.265625"
1,31,"-37.71828652","145.0509752","2021-09-01 00:00:00","8147.0234375"
3,13,"-36.77885832","144.3012321","2021-09-01 00:00:00","7985.6875"
3,7,"-36.77885832","144.3012321","2021-09-01 00:00:00","7759.21875"
2,3,"-36.11120917","146.8486788","2021-09-01 00:00:00","7721.5"
1,40,"-37.71828652","145.0509752","2021-09-01 00:00:00","7645.5859375"
3,12,"-36.77885832","144.3012321","2021-09-01 00:00:00","7491.09375"
1,22,"-37.71828652","145.0509752","2021-09-01 00:00:00","7308.234375"
1,14,"-37.71828652","145.0509752","2021-09-01 00:00:00","7130"
1,23,"-37.71828652","145.0509752","2021-09-01 00:00:00","6021.2890625"
1,38,"-37.71828652","145.0509752","2021-09-01 00:00:00","5797.1875"
1,36,"-37.71828652","145.0509752","2021-09-01 00:00:00","5052.53125"
3,10,"-36.77885832","144.3012321","2021-09-01 00:00:00","4968.4375"
1,37,"-37.71828652","145.0509752","2021-09-01 00:00:00","4962.2421875"
1,17,"-37.71828652","145.0509752","2021-09-01 00:00:00","4698.09765625"
1,30,"-37.71828652","145.0509752","2021-09-01 00:00:00","4067.671875"
1,21,"-37.71828652","145.0509752","2021-09-01 00:00:00","3957.4453125"
1,26,"-37.71828652","145.0509752","2021-09-01 00:00:00","3929.12890625"
5,42,"-36.38031889","145.4062897","2021-09-01 00:00:00","3564.984375"
1,39,"-37.71828652","145.0509752","2021-09-01 00:00:00","3449.57421875"
1,32,"-37.71828652","145.0509752","2021-09-01 00:00:00","3366.63671875"
1,35,"-37.71828652","145.0509752","2021-09-01 00:00:00","2995.6328125"
1,34,"-37.71828652","145.0509752","2021-09-01 00:00:00","2229.765625"
1,16,"-37.71828652","145.0509752","2021-09-01 00:00:00","1718.494140625"
1,28,"-37.71828652","145.0509752","2021-09-01 00:00:00","1422.5703125"
1,29,"-37.71828652","145.0509752","2021-09-01 00:00:00","1389.51953125"
3,9,"-36.77885832","144.3012321","2021-09-01 00:00:00","1135.8046875"
2,5,"-36.11120917","146.8486788","2021-09-01 00:00:00","1044.20703125"
2,4,"-36.11120917","146.8486788","2021-09-01 00:00:00","1014.49609375"
1,27,"-37.71828652","145.0509752","2021-10-01 00:00:00","62180.0625"
3,11,"-36.77885832","144.3012321","2021-10-01 00:00:00","60389.5"
1,25,"-37.71828652","145.0509752","2021-10-01 00:00:00","47843.25"
1,19,"-37.71828652","145.0509752","2021-10-01 00:00:00","25043.6875"
1,18,"-37.71828652","145.0509752","2021-10-01 00:00:00","21096.78125"
3,6,"-36.77885832","144.3012321","2021-10-01 00:00:00","18890.1796875"
3,8,"-36.77885832","144.3012321","2021-10-01 00:00:00","16726.546875"
4,41,"-34.20528877","142.166556","2021-10-01 00:00:00","14727.125"
2,1,"-36.11120917","146.8486788","2021-10-01 00:00:00","14312.375"
2,2,"-36.11120917","146.8486788","2021-10-01 00:00:00","12198.21875"
1,15,"-37.71828652","145.0509752","2021-10-01 00:00:00","11720.96875"
1,33,"-37.71828652","145.0509752","2021-10-01 00:00:00","10558.171875"
1,24,"-37.71828652","145.0509752","2021-10-01 00:00:00","10436.140625"
1,20,"-37.71828652","145.0509752","2021-10-01 00:00:00","9620.7265625"
1,40,"-37.71828652","145.0509752","2021-10-01 00:00:00","9375.59375"
3,12,"-36.77885832","144.3012321","2021-10-01 00:00:00","9307.0625"
1,31,"-37.71828652","145.0509752","2021-10-01 00:00:00","9297.7109375"
3,13,"-36.77885832","144.3012321","2021-10-01 00:00:00","9046.78125"
1,22,"-37.71828652","145.0509752","2021-10-01 00:00:00","8919.453125"
2,3,"-36.11120917","146.8486788","2021-10-01 00:00:00","8553.03125"
1,14,"-37.71828652","145.0509752","2021-10-01 00:00:00","8258.6796875"
1,23,"-37.71828652","145.0509752","2021-10-01 00:00:00","6926.859375"
1,38,"-37.71828652","145.0509752","2021-10-01 00:00:00","6800.2421875"
1,36,"-37.71828652","145.0509752","2021-10-01 00:00:00","5976.7109375"
1,37,"-37.71828652","145.0509752","2021-10-01 00:00:00","5937.21875"
3,10,"-36.77885832","144.3012321","2021-10-01 00:00:00","5742.65625"
1,17,"-37.71828652","145.0509752","2021-10-01 00:00:00","5437.96875"
1,26,"-37.71828652","145.0509752","2021-10-01 00:00:00","4867.3046875"
1,21,"-37.71828652","145.0509752","2021-10-01 00:00:00","4730.87890625"
1,30,"-37.71828652","145.0509752","2021-10-01 00:00:00","4616.68359375"
5,42,"-36.38031889","145.4062897","2021-10-01 00:00:00","3965.703125"
1,39,"-37.71828652","145.0509752","2021-10-01 00:00:00","3945.1015625"
1,32,"-37.71828652","145.0509752","2021-10-01 00:00:00","3899.67578125"
1,35,"-37.71828652","145.0509752","2021-10-01 00:00:00","3509.46484375"
1,34,"-37.71828652","145.0509752","2021-10-01 00:00:00","2610.44921875"
3,7,"-36.77885832","144.3012321","2021-10-01 00:00:00","2494.6875"
1,16,"-37.71828652","145.0509752","2021-10-01 00:00:00","1901.537109375"
1,29,"-37.71828652","145.0509752","2021-10-01 00:00:00","1838.84765625"
1,28,"-37.71828652","145.0509752","2021-10-01 00:00:00","1772.2109375"
3,9,"-36.77885832","144.3012321","2021-10-01 00:00:00","1372.69921875"
2,5,"-36.11120917","146.8486788","2021-10-01 00:00:00","1316.984375"
2,4,"-36.11120917","146.8486788","2021-10-01 00:00:00","1273.31640625"
1,27,"-37.71828652","145.0509752","2021-11-01 00:00:00","54447"
3,11,"-36.77885832","144.3012321","2021-11-01 00:00:00","54147.1875"
1,25,"-37.71828652","145.0509752","2021-11-01 00:00:00","46248.5"
1,19,"-37.71828652","145.0509752","2021-11-01 00:00:00","22965.3125"
1,18,"-37.71828652","145.0509752","2021-11-01 00:00:00","19330.46875"
3,6,"-36.77885832","144.3012321","2021-11-01 00:00:00","17166.2421875"
3,8,"-36.77885832","144.3012321","2021-11-01 00:00:00","14840.078125"
2,1,"-36.11120917","146.8486788","2021-11-01 00:00:00","11990.1875"
4,41,"-34.20528877","142.166556","2021-11-01 00:00:00","11725.8125"
1,15,"-37.71828652","145.0509752","2021-11-01 00:00:00","10517.53125"
2,2,"-36.11120917","146.8486788","2021-11-01 00:00:00","9783.28125"
1,24,"-37.71828652","145.0509752","2021-11-01 00:00:00","9763.015625"
3,12,"-36.77885832","144.3012321","2021-11-01 00:00:00","9626.28125"
1,33,"-37.71828652","145.0509752","2021-11-01 00:00:00","9409.1875"
1,40,"-37.71828652","145.0509752","2021-11-01 00:00:00","8827.71875"
1,20,"-37.71828652","145.0509752","2021-11-01 00:00:00","8779.015625"
1,31,"-37.71828652","145.0509752","2021-11-01 00:00:00","8258.7890625"
3,13,"-36.77885832","144.3012321","2021-11-01 00:00:00","8201.9375"
1,22,"-37.71828652","145.0509752","2021-11-01 00:00:00","8003.1953125"
1,14,"-37.71828652","145.0509752","2021-11-01 00:00:00","7541.359375"
2,3,"-36.11120917","146.8486788","2021-11-01 00:00:00","7125.09375"
1,38,"-37.71828652","145.0509752","2021-11-01 00:00:00","6531.890625"
1,23,"-37.71828652","145.0509752","2021-11-01 00:00:00","6487.0625"
1,37,"-37.71828652","145.0509752","2021-11-01 00:00:00","5529.515625"
1,36,"-37.71828652","145.0509752","2021-11-01 00:00:00","5382.3046875"
3,10,"-36.77885832","144.3012321","2021-11-01 00:00:00","5156.4375"
1,17,"-37.71828652","145.0509752","2021-11-01 00:00:00","4952.1796875"
1,26,"-37.71828652","145.0509752","2021-11-01 00:00:00","4391.34765625"
1,21,"-37.71828652","145.0509752","2021-11-01 00:00:00","4269.1484375"
1,30,"-37.71828652","145.0509752","2021-11-01 00:00:00","4245.59375"
1,39,"-37.71828652","145.0509752","2021-11-01 00:00:00","3740.01171875"
1,32,"-37.71828652","145.0509752","2021-11-01 00:00:00","3648.90234375"
5,42,"-36.38031889","145.4062897","2021-11-01 00:00:00","3508.0625"
1,35,"-37.71828652","145.0509752","2021-11-01 00:00:00","3427.515625"
1,34,"-37.71828652","145.0509752","2021-11-01 00:00:00","2376.7109375"
1,28,"-37.71828652","145.0509752","2021-11-01 00:00:00","1762.08203125"
1,16,"-37.71828652","145.0509752","2021-11-01 00:00:00","1740.033203125"
1,29,"-37.71828652","145.0509752","2021-11-01 00:00:00","1656.65625"
3,7,"-36.77885832","144.3012321","2021-11-01 00:00:00","1594.5"
3,9,"-36.77885832","144.3012321","2021-11-01 00:00:00","1274.92578125"
2,5,"-36.11120917","146.8486788","2021-11-01 00:00:00","1078.5234375"
2,4,"-36.11120917","146.8486788","2021-11-01 00:00:00","1032.265625"
3,11,"-36.77885832","144.3012321","2021-12-01 00:00:00","70082.4375"
1,27,"-37.71828652","145.0509752","2021-12-01 00:00:00","65887.5"
1,25,"-37.71828652","145.0509752","2021-12-01 00:00:00","54884.625"
1,19,"-37.71828652","145.0509752","2021-12-01 00:00:00","29061.40625"
1,18,"-37.71828652","145.0509752","2021-12-01 00:00:00","24783.125"
3,6,"-36.77885832","144.3012321","2021-12-01 00:00:00","21263.0625"
3,8,"-36.77885832","144.3012321","2021-12-01 00:00:00","19715.65625"
2,1,"-36.11120917","146.8486788","2021-12-01 00:00:00","17704.5"
4,41,"-34.20528877","142.166556","2021-12-01 00:00:00","16555"
2,2,"-36.11120917","146.8486788","2021-12-01 00:00:00","14848.4375"
1,15,"-37.71828652","145.0509752","2021-12-01 00:00:00","13084.453125"
1,24,"-37.71828652","145.0509752","2021-12-01 00:00:00","12160.09375"
1,33,"-37.71828652","145.0509752","2021-12-01 00:00:00","11863.40625"
3,12,"-36.77885832","144.3012321","2021-12-01 00:00:00","11706.46875"
1,40,"-37.71828652","145.0509752","2021-12-01 00:00:00","10376.34375"
1,31,"-37.71828652","145.0509752","2021-12-01 00:00:00","10352.359375"
2,3,"-36.11120917","146.8486788","2021-12-01 00:00:00","10200.875"
1,20,"-37.71828652","145.0509752","2021-12-01 00:00:00","9843.09375"
1,22,"-37.71828652","145.0509752","2021-12-01 00:00:00","9825.9140625"
1,14,"-37.71828652","145.0509752","2021-12-01 00:00:00","9409.109375"
3,13,"-36.77885832","144.3012321","2021-12-01 00:00:00","8824.3125"
1,38,"-37.71828652","145.0509752","2021-12-01 00:00:00","8578.6953125"
1,23,"-37.71828652","145.0509752","2021-12-01 00:00:00","8142.6015625"
3,10,"-36.77885832","144.3012321","2021-12-01 00:00:00","6974.1875"
1,36,"-37.71828652","145.0509752","2021-12-01 00:00:00","6873.890625"
1,37,"-37.71828652","145.0509752","2021-12-01 00:00:00","6722.4921875"
1,17,"-37.71828652","145.0509752","2021-12-01 00:00:00","6225.8671875"
1,26,"-37.71828652","145.0509752","2021-12-01 00:00:00","5647.859375"
1,21,"-37.71828652","145.0509752","2021-12-01 00:00:00","5343.015625"
1,30,"-37.71828652","145.0509752","2021-12-01 00:00:00","5294.5"
5,42,"-36.38031889","145.4062897","2021-12-01 00:00:00","4970.578125"
1,39,"-37.71828652","145.0509752","2021-12-01 00:00:00","4472.16796875"
1,32,"-37.71828652","145.0509752","2021-12-01 00:00:00","4408.78515625"
1,35,"-37.71828652","145.0509752","2021-12-01 00:00:00","4031.44140625"
1,34,"-37.71828652","145.0509752","2021-12-01 00:00:00","3168.96875"
1,16,"-37.71828652","145.0509752","2021-12-01 00:00:00","2276.083984375"
1,28,"-37.71828652","145.0509752","2021-12-01 00:00:00","2191.916015625"
1,29,"-37.71828652","145.0509752","2021-12-01 00:00:00","2012.001953125"
3,9,"-36.77885832","144.3012321","2021-12-01 00:00:00","1869.1875"
2,5,"-36.11120917","146.8486788","2021-12-01 00:00:00","1630.625"
2,4,"-36.11120917","146.8486788","2021-12-01 00:00:00","1522.375"
3,7,"-36.77885832","144.3012321","2021-12-01 00:00:00","1326.625"
3,11,"-36.77885832","144.3012321","2022-01-01 00:00:00","71656.375"
1,27,"-37.71828652","145.0509752","2022-01-01 00:00:00","60198"
1,25,"-37.71828652","145.0509752","2022-01-01 00:00:00","54270.75"
1,19,"-37.71828652","145.0509752","2022-01-01 00:00:00","28738.21875"
1,18,"-37.71828652","145.0509752","2022-01-01 00:00:00","24942.53125"
3,6,"-36.77885832","144.3012321","2022-01-01 00:00:00","21730.0625"
3,8,"-36.77885832","144.3012321","2022-01-01 00:00:00","19836.71875"
4,41,"-34.20528877","142.166556","2022-01-01 00:00:00","16866.5"
2,1,"-36.11120917","146.8486788","2022-01-01 00:00:00","16577.0625"
2,2,"-36.11120917","146.8486788","2022-01-01 00:00:00","13840.1875"
1,15,"-37.71828652","145.0509752","2022-01-01 00:00:00","13819.671875"
1,33,"-37.71828652","145.0509752","2022-01-01 00:00:00","12083.53125"
3,12,"-36.77885832","144.3012321","2022-01-01 00:00:00","11971.96875"
1,20,"-37.71828652","145.0509752","2022-01-01 00:00:00","11054.9375"
1,40,"-37.71828652","145.0509752","2022-01-01 00:00:00","10602.5"
1,22,"-37.71828652","145.0509752","2022-01-01 00:00:00","10329.1875"
1,31,"-37.71828652","145.0509752","2022-01-01 00:00:00","10293.75"
2,3,"-36.11120917","146.8486788","2022-01-01 00:00:00","9899.25"
1,14,"-37.71828652","145.0509752","2022-01-01 00:00:00","9606.109375"
1,24,"-37.71828652","145.0509752","2022-01-01 00:00:00","9226.390625"
1,38,"-37.71828652","145.0509752","2022-01-01 00:00:00","8374.5625"
1,23,"-37.71828652","145.0509752","2022-01-01 00:00:00","8210.1640625"
3,10,"-36.77885832","144.3012321","2022-01-01 00:00:00","7028.0625"
1,36,"-37.71828652","145.0509752","2022-01-01 00:00:00","7006.0859375"
1,37,"-37.71828652","145.0509752","2022-01-01 00:00:00","6810.8984375"
3,13,"-36.77885832","144.3012321","2022-01-01 00:00:00","6587.625"
1,17,"-37.71828652","145.0509752","2022-01-01 00:00:00","6248.8203125"
1,26,"-37.71828652","145.0509752","2022-01-01 00:00:00","5676.46875"
1,21,"-37.71828652","145.0509752","2022-01-01 00:00:00","5449.46875"
1,30,"-37.71828652","145.0509752","2022-01-01 00:00:00","5214.2421875"
5,42,"-36.38031889","145.4062897","2022-01-01 00:00:00","4573.125"
1,39,"-37.71828652","145.0509752","2022-01-01 00:00:00","4536.62890625"
1,32,"-37.71828652","145.0509752","2022-01-01 00:00:00","4463.55859375"
1,35,"-37.71828652","145.0509752","2022-01-01 00:00:00","4020.3984375"
1,34,"-37.71828652","145.0509752","2022-01-01 00:00:00","3030.41796875"
3,7,"-36.77885832","144.3012321","2022-01-01 00:00:00","2989.5625"
1,16,"-37.71828652","145.0509752","2022-01-01 00:00:00","2254.8203125"
1,28,"-37.71828652","145.0509752","2022-01-01 00:00:00","2209.8359375"
1,29,"-37.71828652","145.0509752","2022-01-01 00:00:00","2092.54296875"
3,9,"-36.77885832","144.3012321","2022-01-01 00:00:00","1539.65234375"
2,4,"-36.11120917","146.8486788","2022-01-01 00:00:00","1363.3984375"
2,5,"-36.11120917","146.8486788","2022-01-01 00:00:00","1099.609375"
3,11,"-36.77885832","144.3012321","2022-02-01 00:00:00","62338.625"
1,27,"-37.71828652","145.0509752","2022-02-01 00:00:00","47270.75"
1,25,"-37.71828652","145.0509752","2022-02-01 00:00:00","42028.8125"
1,19,"-37.71828652","145.0509752","2022-02-01 00:00:00","26161.96875"
1,18,"-37.71828652","145.0509752","2022-02-01 00:00:00","22215.59375"
3,6,"-36.77885832","144.3012321","2022-02-01 00:00:00","19973.703125"
3,8,"-36.77885832","144.3012321","2022-02-01 00:00:00","17597.109375"
2,1,"-36.11120917","146.8486788","2022-02-01 00:00:00","15104.375"
4,41,"-34.20528877","142.166556","2022-02-01 00:00:00","14529.9375"
2,2,"-36.11120917","146.8486788","2022-02-01 00:00:00","13146.3125"
1,15,"-37.71828652","145.0509752","2022-02-01 00:00:00","12071.640625"
1,33,"-37.71828652","145.0509752","2022-02-01 00:00:00","10694.75"
3,12,"-36.77885832","144.3012321","2022-02-01 00:00:00","10495.9375"
1,20,"-37.71828652","145.0509752","2022-02-01 00:00:00","9902.625"
1,40,"-37.71828652","145.0509752","2022-02-01 00:00:00","9277.484375"
2,3,"-36.11120917","146.8486788","2022-02-01 00:00:00","9256.375"
1,31,"-37.71828652","145.0509752","2022-02-01 00:00:00","9020.78125"
1,14,"-37.71828652","145.0509752","2022-02-01 00:00:00","8533.09375"
1,22,"-37.71828652","145.0509752","2022-02-01 00:00:00","8500.1875"
1,23,"-37.71828652","145.0509752","2022-02-01 00:00:00","7242.453125"
1,24,"-37.71828652","145.0509752","2022-02-01 00:00:00","7186.859375"
1,38,"-37.71828652","145.0509752","2022-02-01 00:00:00","7044.84375"
1,36,"-37.71828652","145.0509752","2022-02-01 00:00:00","6215.578125"
3,10,"-36.77885832","144.3012321","2022-02-01 00:00:00","6047.46875"
1,37,"-37.71828652","145.0509752","2022-02-01 00:00:00","6045.03125"
3,13,"-36.77885832","144.3012321","2022-02-01 00:00:00","5889.53125"
1,17,"-37.71828652","145.0509752","2022-02-01 00:00:00","5536.046875"
1,21,"-37.71828652","145.0509752","2022-02-01 00:00:00","4877.328125"
1,26,"-37.71828652","145.0509752","2022-02-01 00:00:00","4858.65625"
1,30,"-37.71828652","145.0509752","2022-02-01 00:00:00","4641.09375"
5,42,"-36.38031889","145.4062897","2022-02-01 00:00:00","4197.515625"
1,39,"-37.71828652","145.0509752","2022-02-01 00:00:00","4020.51953125"
1,32,"-37.71828652","145.0509752","2022-02-01 00:00:00","4003.703125"
1,35,"-37.71828652","145.0509752","2022-02-01 00:00:00","3527.01171875"
1,34,"-37.71828652","145.0509752","2022-02-01 00:00:00","2594.1796875"
1,16,"-37.71828652","145.0509752","2022-02-01 00:00:00","1996.005859375"
1,28,"-37.71828652","145.0509752","2022-02-01 00:00:00","1901.5625"
1,29,"-37.71828652","145.0509752","2022-02-01 00:00:00","1790.52734375"
3,9,"-36.77885832","144.3012321","2022-02-01 00:00:00","1447.703125"
2,4,"-36.11120917","146.8486788","2022-02-01 00:00:00","1268.1484375"
3,7,"-36.77885832","144.3012321","2022-02-01 00:00:00","1052.125"
2,5,"-36.11120917","146.8486788","2022-02-01 00:00:00","503.8828125"
3,11,"-36.77885832","144.3012321","2022-03-01 00:00:00","63001.125"
1,25,"-37.71828652","145.0509752","2022-03-01 00:00:00","44911.875"
1,27,"-37.71828652","145.0509752","2022-03-01 00:00:00","40203.375"
1,19,"-37.71828652","145.0509752","2022-03-01 00:00:00","23251.375"
1,18,"-37.71828652","145.0509752","2022-03-01 00:00:00","19917.65625"
3,6,"-36.77885832","144.3012321","2022-03-01 00:00:00","18936.890625"
3,8,"-36.77885832","144.3012321","2022-03-01 00:00:00","16992.171875"
4,41,"-34.20528877","142.166556","2022-03-01 00:00:00","16487.6875"
2,1,"-36.11120917","146.8486788","2022-03-01 00:00:00","14818.625"
2,2,"-36.11120917","146.8486788","2022-03-01 00:00:00","12907.71875"
3,12,"-36.77885832","144.3012321","2022-03-01 00:00:00","10898.3125"
1,15,"-37.71828652","145.0509752","2022-03-01 00:00:00","10279.859375"
1,33,"-37.71828652","145.0509752","2022-03-01 00:00:00","9512.09375"
1,20,"-37.71828652","145.0509752","2022-03-01 00:00:00","9045.921875"
1,31,"-37.71828652","145.0509752","2022-03-01 00:00:00","8397.75"
2,3,"-36.11120917","146.8486788","2022-03-01 00:00:00","8397.125"
1,40,"-37.71828652","145.0509752","2022-03-01 00:00:00","8118.453125"
1,22,"-37.71828652","145.0509752","2022-03-01 00:00:00","7947.65625"
1,14,"-37.71828652","145.0509752","2022-03-01 00:00:00","7691.015625"
1,23,"-37.71828652","145.0509752","2022-03-01 00:00:00","6455.140625"
1,24,"-37.71828652","145.0509752","2022-03-01 00:00:00","6343.25"
1,38,"-37.71828652","145.0509752","2022-03-01 00:00:00","6220.703125"
3,10,"-36.77885832","144.3012321","2022-03-01 00:00:00","5785.78125"
3,13,"-36.77885832","144.3012321","2022-03-01 00:00:00","5550.03125"
1,36,"-37.71828652","145.0509752","2022-03-01 00:00:00","5418.3125"
1,37,"-37.71828652","145.0509752","2022-03-01 00:00:00","5343.7578125"
1,17,"-37.71828652","145.0509752","2022-03-01 00:00:00","4978.71875"
1,30,"-37.71828652","145.0509752","2022-03-01 00:00:00","4334.5078125"
1,21,"-37.71828652","145.0509752","2022-03-01 00:00:00","4289.15625"
1,26,"-37.71828652","145.0509752","2022-03-01 00:00:00","4258.3828125"
5,42,"-36.38031889","145.4062897","2022-03-01 00:00:00","4052.953125"
1,39,"-37.71828652","145.0509752","2022-03-01 00:00:00","3672.125"
1,32,"-37.71828652","145.0509752","2022-03-01 00:00:00","3585.5703125"
1,35,"-37.71828652","145.0509752","2022-03-01 00:00:00","3217.9375"
3,7,"-36.77885832","144.3012321","2022-03-01 00:00:00","2851.21875"
1,34,"-37.71828652","145.0509752","2022-03-01 00:00:00","2286.67578125"
1,16,"-37.71828652","145.0509752","2022-03-01 00:00:00","1778.552734375"
1,28,"-37.71828652","145.0509752","2022-03-01 00:00:00","1573.21875"
1,29,"-37.71828652","145.0509752","2022-03-01 00:00:00","1491.8125"
3,9,"-36.77885832","144.3012321","2022-03-01 00:00:00","1293"
2,4,"-36.11120917","146.8486788","2022-03-01 00:00:00","1180.875"
2,5,"-36.11120917","146.8486788","2022-03-01 00:00:00","941.296875"
3,11,"-36.77885832","144.3012321","2022-04-01 00:00:00","32040.125"
1,25,"-37.71828652","145.0509752","2022-04-01 00:00:00","23946.0625"
1,27,"-37.71828652","145.0509752","2022-04-01 00:00:00","20403.625"
1,19,"-37.71828652","145.0509752","2022-04-01 00:00:00","12086.65625"
1,18,"-37.71828652","145.0509752","2022-04-01 00:00:00","10526.5625"
3,6,"-36.77885832","144.3012321","2022-04-01 00:00:00","9434.25"
3,8,"-36.77885832","144.3012321","2022-04-01 00:00:00","8753.90625"
2,1,"-36.11120917","146.8486788","2022-04-01 00:00:00","7193.0625"
2,2,"-36.11120917","146.8486788","2022-04-01 00:00:00","6333.0625"
3,12,"-36.77885832","144.3012321","2022-04-01 00:00:00","6026.125"
1,15,"-37.71828652","145.0509752","2022-04-01 00:00:00","5356.765625"
1,24,"-37.71828652","145.0509752","2022-04-01 00:00:00","5246.578125"
1,33,"-37.71828652","145.0509752","2022-04-01 00:00:00","5051.609375"
1,20,"-37.71828652","145.0509752","2022-04-01 00:00:00","4764.8125"
1,31,"-37.71828652","145.0509752","2022-04-01 00:00:00","4560.03125"
1,40,"-37.71828652","145.0509752","2022-04-01 00:00:00","4194.125"
1,14,"-37.71828652","145.0509752","2022-04-01 00:00:00","4025.65625"
2,3,"-36.11120917","146.8486788","2022-04-01 00:00:00","3979.9375"
1,22,"-37.71828652","145.0509752","2022-04-01 00:00:00","3878.515625"
4,41,"-34.20528877","142.166556","2022-04-01 00:00:00","3441.8125"
1,23,"-37.71828652","145.0509752","2022-04-01 00:00:00","3359.5078125"
1,38,"-37.71828652","145.0509752","2022-04-01 00:00:00","3222.640625"
3,10,"-36.77885832","144.3012321","2022-04-01 00:00:00","3040.90625"
3,13,"-36.77885832","144.3012321","2022-04-01 00:00:00","3016.1875"
1,37,"-37.71828652","145.0509752","2022-04-01 00:00:00","2782.4765625"
1,36,"-37.71828652","145.0509752","2022-04-01 00:00:00","2782.265625"
1,17,"-37.71828652","145.0509752","2022-04-01 00:00:00","2686.203125"
1,30,"-37.71828652","145.0509752","2022-04-01 00:00:00","2380.5234375"
1,21,"-37.71828652","145.0509752","2022-04-01 00:00:00","2184.4375"
1,26,"-37.71828652","145.0509752","2022-04-01 00:00:00","2151.4609375"
1,39,"-37.71828652","145.0509752","2022-04-01 00:00:00","1976.5234375"
5,42,"-36.38031889","145.4062897","2022-04-01 00:00:00","1956.921875"
1,32,"-37.71828652","145.0509752","2022-04-01 00:00:00","1875.9375"
1,35,"-37.71828652","145.0509752","2022-04-01 00:00:00","1727.6953125"
1,34,"-37.71828652","145.0509752","2022-04-01 00:00:00","1220.671875"
3,7,"-36.77885832","144.3012321","2022-04-01 00:00:00","1022.75"
1,16,"-37.71828652","145.0509752","2022-04-01 00:00:00","820.31640625"
1,28,"-37.71828652","145.0509752","2022-04-01 00:00:00","761.373046875"
1,29,"-37.71828652","145.0509752","2022-04-01 00:00:00","757.484375"
3,9,"-36.77885832","144.3012321","2022-04-01 00:00:00","666.671875"
2,5,"-36.11120917","146.8486788","2022-04-01 00:00:00","583.5234375"
2,4,"-36.11120917","146.8486788","2022-04-01 00:00:00","546.921875"
